{"cameraMode":{"drawMode":0,"name":"Shaded","section":"Shading Mode"},"sceneLighting":true,"audioPlay":false,"sceneViewState":{"showFog":true,"showMaterialUpdate":false,"showSkybox":true,"showFlares":true,"showImageEffects":true,"showParticleSystems":true},"in2DMode":false,"pivot":{"x":-1.902247428894043,"y":-2.5490798950195314,"z":0.5499944686889648},"rotation":{"x":-0.27697697281837466,"y":0.3237471580505371,"z":-0.0997246727347374,"w":-0.8991813063621521},"size":18.29869842529297,"orthographic":false}